#emp,curso,l.d,estatus_vigencia,e.d
0,SAT,2026-08-18,Vigente,
1003,AVSEC,2026-08-20,Vigente,
1003,SAT,2026-06-23,Vigente,
1003,SMS,2026-08-20,Vigente,
1012,AVSEC,2026-08-20,Vigente,
1012,SAT,2026-02-17,Vigente,
1012,SMS,2026-08-20,Vigente,
1016,AVSEC,2026-02-26,Vigente,
1016,SAT,2026-08-11,Vigente,
1016,SMS,2026-02-26,Vigente,
1020,AVSEC,2026-02-12,Vigente,
1020,SAT,2026-08-18,Vigente,
1020,SMS,2026-02-12,Vigente,
1024,AVSEC,2026-09-02,Vigente,
1024,SAT,2025-05-10,Vencido,2025-09-29
1024,SMS,2026-09-02,Vigente,
1025,AVSEC,2026-08-20,Vigente,
1025,SAT,2025-10-31,Vigente,
1025,SMS,2026-08-20,Vigente,
1029,AVSEC,2026-08-28,Vigente,
1029,SAT,2026-03-13,Vigente,
1029,SMS,2026-08-28,Vigente,
1031,AVSEC,2026-08-28,Vigente,
1031,SAT,2026-01-31,Vigente,
1031,SMS,2026-08-28,Vigente,
1045,AVSEC,2021-08-04,Vencido,
1045,SAT,2024-08-07,Vencido,
1045,SMS,,Vencido,
1050,AVSEC,2025-12-13,Vigente,
1050,SAT,,Vencido,2025-09-29
1050,SMS,,Vencido,
1066,AVSEC,2026-05-27,Vigente,
1066,SAT,2024-10-08,Vencido,2025-09-29
1066,SMS,,Vencido,
1077,AVSEC,2025-04-08,Vencido,
1077,SAT,2025-02-22,Vencido,2025-10-06
1077,SMS,,Vencido,
1088,AVSEC,2025-04-08,Vencido,
1088,SAT,2025-06-18,Vencido,2025-10-06
1088,SMS,,Vencido,
1107,AVSEC,2025-04-08,Vencido,2025-09-12
1107,SAT,2023-02-23,Vencido,2025-10-06
1107,SMS,,Vencido,
1108,AVSEC,2026-02-05,Vigente,
1108,SAT,2024-09-28,Vencido,2025-09-15
1108,SMS,2026-02-05,Vigente,
1116,AVSEC,2026-08-20,Vigente,
1116,SAT,2026-08-18,Vigente,
1116,SMS,2026-08-20,Vigente,
1123,AVSEC,2025-10-04,Vigente,2025-08-29
1123,SAT,2025-10-21,Vigente,
1123,SMS,,Vencido,
1141,AVSEC,2026-02-05,Vigente,
1141,SAT,2026-03-03,Vigente,
1141,SMS,2026-02-05,Vigente,
1164,AVSEC,,Vencido,
1164,SAT,,Vencido,
1164,SMS,,Vencido,
1183,AVSEC,2026-04-29,Vigente,
1183,SAT,2025-05-10,Vencido,2025-09-29
1183,SMS,2026-04-29,Vigente,
1210,AVSEC,2026-06-19,Vigente,
1210,SAT,2025-05-10,Vencido,2025-10-13
1210,SMS,2026-06-19,Vigente,
1220,AVSEC,2026-03-11,Vigente,
1220,SAT,2026-07-07,Vigente,
1220,SMS,2026-03-11,Vigente,
1225,AVSEC,2026-04-29,Vigente,
1225,SAT,2025-06-25,Vencido,2025-09-22
1225,SMS,2026-04-29,Vigente,
1246,AVSEC,,Vencido,
1246,SAT,,Vencido,
1246,SMS,,Vencido,
1273,AVSEC,2026-02-05,Vigente,
1273,SAT,2026-07-07,Vigente,
1273,SMS,2026-02-05,Vigente,
1388,AVSEC,2026-02-05,Vigente,
1388,SAT,2025-04-01,Vencido,2025-10-27
1388,SMS,2026-02-05,Vigente,
1498,AVSEC,2026-04-29,Vigente,
1498,SAT,2026-04-01,Vigente,
1498,SMS,,Vencido,
1608,AVSEC,2026-07-17,Vigente,
1608,SAT,2025-02-22,Vencido,
1608,SMS,,Vencido,
1615,AVSEC,2026-02-05,Vigente,
1615,SAT,2025-04-22,Vencido,2025-10-06
1615,SMS,,Vencido,
1642,AVSEC,2026-02-12,Vigente,
1642,SAT,2026-03-10,Vigente,
1642,SMS,2026-02-12,Vigente,
1646,AVSEC,2025-04-11,Vencido,
1646,SAT,2025-05-20,Vencido,2025-10-20
1646,SMS,,Vencido,
1701,AVSEC,2026-03-11,Vigente,
1701,SAT,2026-06-23,Vigente,
1701,SMS,2026-03-11,Vigente,
1714,AVSEC,2026-04-29,Vigente,
1714,SAT,2025-11-14,Vigente,
1714,SMS,,Vencido,
1719,AVSEC,2025-10-16,Vigente,
1719,SAT,2026-08-04,Vigente,
1719,SMS,2025-10-16,Vigente,
1775,AVSEC,2026-02-05,Vigente,
1775,SAT,2025-11-14,Vigente,2025-10-20
1775,SMS,2026-02-05,Vigente,
1803,AVSEC,2026-07-09,Vigente,
1803,SAT,2026-07-07,Vigente,
1803,SMS,2026-07-09,Vigente,
1806,AVSEC,2025-07-11,Vencido,2025-09-02
1806,SAT,2025-11-14,Vigente,
1806,SMS,,Vencido,
1809,AVSEC,2025-10-06,Vigente,2025-08-29
1809,SAT,2026-08-11,Vigente,
1809,SMS,2025-10-02,Vigente,
1828,AVSEC,2026-02-05,Vigente,
1828,SAT,2025-09-23,Vigente,
1828,SMS,,Vencido,
1832,AVSEC,2025-10-16,Vigente,
1832,SAT,,Vencido,
1832,SMS,,Vencido,
1862,AVSEC,2025-10-16,Vigente,2025-08-29
1862,SAT,2025-09-23,Vigente,2025-09-08
1862,SMS,2025-09-23,Vigente,
1864,AVSEC,2025-09-26,Vigente,
1864,SAT,2025-09-23,Vigente,2025-09-08
1864,SMS,,Vencido,
1878,AVSEC,2026-02-12,Vigente,
1878,SAT,2026-08-18,Vigente,
1878,SMS,,Vencido,
1880,AVSEC,2026-07-23,Vigente,
1880,SAT,2026-06-16,Vigente,
1880,SMS,,Vencido,
1906,AVSEC,2026-02-25,Vigente,
1906,SAT,2026-05-05,Vigente,
1906,SMS,2026-02-25,Vigente,
1909,AVSEC,2026-07-23,Vigente,
1909,SAT,2025-10-21,Vigente,
1909,SMS,2026-05-12,Vigente,
1911,AVSEC,2026-05-15,Vigente,
1911,SAT,2025-11-04,Vigente,2025-09-22
1911,SMS,2026-05-12,Vigente,
1915,AVSEC,2025-09-26,Vigente,
1915,SAT,2025-10-14,Vigente,2025-09-22
1915,SMS,,Vencido,
1978,AVSEC,2025-10-16,Vigente,2025-08-29
1978,SAT,2025-11-04,Vigente,
1978,SMS,2025-10-16,Vigente,
1979,AVSEC,2025-10-06,Vigente,
1979,SAT,2025-10-14,Vigente,
1979,SMS,,Vencido,
1981,AVSEC,2026-05-13,Vigente,
1981,SAT,2026-08-18,Vigente,
1981,SMS,,Vencido,
1999,AVSEC,2026-05-27,Vigente,
1999,SAT,2025-02-22,Vencido,2025-10-13
1999,SMS,,Vencido,
2001,AVSEC,2026-04-04,Vigente,
2001,SAT,2025-11-04,Vigente,
2001,SMS,2026-04-04,Vigente,
2014,AVSEC,2025-10-06,Vigente,2025-08-29
2014,SAT,2025-10-14,Vigente,2025-09-15
2014,SMS,2025-10-02,Vigente,
2025,AVSEC,,Vencido,
2025,SAT,2025-09-23,Vigente,2025-09-22
2025,SMS,2026-08-28,Vigente,
2026,AVSEC,2026-01-09,Vigente,
2026,SAT,,Vencido,2025-10-06
2026,SMS,,Vencido,
2042,AVSEC,2026-08-21,Vigente,
2042,SAT,2026-03-10,Vigente,
2042,SMS,,Vencido,
2043,AVSEC,2026-07-15,Vigente,
2043,SAT,2026-06-16,Vigente,
2043,SMS,,Vencido,
2075,AVSEC,2026-07-15,Vigente,
2075,SAT,2026-03-10,Vigente,
2075,SMS,2026-05-15,Vigente,
2133,AVSEC,2026-02-12,Vigente,
2133,SAT,2025-09-23,Vigente,2025-09-08
2133,SMS,2026-02-12,Vigente,
2160,AVSEC,2025-05-21,Vencido,2025-09-02
2160,SAT,2025-02-01,Vencido,2025-09-29
2160,SMS,,Vencido,
2215,AVSEC,2026-08-28,Vigente,
2215,SAT,2025-04-22,Vencido,2025-09-08
2215,SMS,2026-08-28,Vigente,
2268,AVSEC,2026-03-13,Vigente,
2268,SAT,2026-05-19,Vigente,
2268,SMS,2026-03-13,Vigente,
2275,AVSEC,2026-03-11,Vigente,
2275,SAT,2025-04-22,Vencido,2025-09-29
2275,SMS,2026-03-11,Vigente,
2416,AVSEC,2025-10-04,Vigente,2025-09-10
2416,SAT,2025-11-14,Vigente,
2416,SMS,,Vencido,
2447,AVSEC,2026-02-25,Vigente,
2447,SAT,2026-06-16,Vigente,
2447,SMS,2026-02-25,Vigente,
2464,AVSEC,2026-07-15,Vigente,
2464,SAT,2026-06-23,Vigente,
2464,SMS,,Vencido,
2537,AVSEC,2025-10-13,Vigente,2025-09-10
2537,SAT,2026-06-23,Vigente,
2537,SMS,2025-10-13,Vigente,
2546,AVSEC,2026-01-29,Vigente,
2546,SAT,2025-11-14,Vigente,
2546,SMS,,Vencido,
2548,AVSEC,2025-10-04,Vigente,
2548,SAT,2025-11-14,Vigente,
2548,SMS,,Vencido,
2560,AVSEC,2026-03-11,Vigente,
2560,SAT,2025-06-25,Vencido,
2560,SMS,2026-03-11,Vigente,
2585,AVSEC,2026-03-26,Vigente,
2585,SAT,2026-08-25,Vigente,
2585,SMS,,Vencido,
2593,AVSEC,2026-07-15,Vigente,
2593,SAT,2026-08-11,Vigente,
2593,SMS,,Vencido,
2596,AVSEC,2026-07-15,Vigente,
2596,SAT,2026-06-23,Vigente,
2596,SMS,2026-07-15,Vigente,
2603,AVSEC,2025-10-06,Vigente,
2603,SAT,2026-06-23,Vigente,
2603,SMS,2025-10-02,Vigente,
2625,AVSEC,2026-06-19,Vigente,
2625,SAT,2025-09-23,Vigente,
2625,SMS,2026-06-19,Vigente,
2647,AVSEC,2025-10-04,Vigente,
2647,SAT,2025-11-04,Vigente,
2647,SMS,,Vencido,
2649,AVSEC,2026-03-11,Vigente,
2649,SAT,2025-09-23,Vigente,
2649,SMS,2026-03-11,Vigente,
2677,AVSEC,2025-09-26,Vigente,
2677,SAT,2026-05-05,Vigente,
2677,SMS,,Vencido,
2756,AVSEC,2026-07-09,Vigente,
2756,SAT,2025-06-18,Vencido,2025-10-13
2756,SMS,2026-07-09,Vigente,
2813,AVSEC,2026-02-18,Vigente,
2813,SAT,2025-11-04,Vigente,
2813,SMS,2026-02-18,Vigente,
2816,AVSEC,2025-10-13,Vigente,
2816,SAT,2025-11-11,Vigente,
2816,SMS,2025-10-13,Vigente,
2880,AVSEC,2026-01-06,Vigente,
2880,SAT,2025-11-14,Vigente,
2880,SMS,,Vencido,
2910,AVSEC,2025-10-13,Vigente,
2910,SAT,2025-11-14,Vigente,
2910,SMS,2025-10-13,Vigente,
2928,AVSEC,2026-02-19,Vigente,
2928,SAT,2025-11-14,Vigente,
2928,SMS,2026-02-19,Vigente,
2942,AVSEC,2026-03-20,Vigente,
2942,SAT,2026-05-12,Vigente,
2942,SMS,2026-03-20,Vigente,
2947,AVSEC,,Vencido,
2947,SAT,2025-01-10,Vencido,
2947,SMS,,Vencido,
2972,AVSEC,2026-02-28,Vigente,
2972,SAT,2026-05-12,Vigente,
2972,SMS,2026-02-28,Vigente,
2979,AVSEC,2026-02-26,Vigente,
2979,SAT,2026-03-10,Vigente,
2979,SMS,2026-02-26,Vigente,
3006,AVSEC,2026-03-13,Vigente,
3006,SAT,2026-05-05,Vigente,
3006,SMS,2026-03-13,Vigente,
3043,AVSEC,2026-03-26,Vigente,
3043,SAT,2026-05-05,Vigente,
3043,SMS,2026-03-26,Vigente,
3053,AVSEC,2026-01-29,Vigente,
3053,SAT,2026-06-30,Vigente,
3053,SMS,2026-01-29,Vigente,
3065,AVSEC,,Vencido,
3065,SAT,,Vencido,
3065,SMS,,Vencido,
3070,AVSEC,2026-01-29,Vigente,
3070,SAT,2026-06-16,Vigente,
3070,SMS,2026-01-29,Vigente,
3076,AVSEC,2026-01-29,Vigente,
3076,SAT,2026-03-10,Vigente,
3076,SMS,2026-01-29,Vigente,
3097,AVSEC,2025-03-05,Vencido,
3097,SAT,2025-02-01,Vencido,2025-10-27
3097,SMS,,Vencido,
3124,AVSEC,2026-06-19,Vigente,2025-08-20
3124,SAT,2026-09-01,Vigente,
3124,SMS,2026-06-19,Vigente,2025-08-20
3140,AVSEC,2026-02-19,Vigente,
3140,SAT,2026-03-10,Vigente,
3140,SMS,2026-02-19,Vigente,
3145,AVSEC,2026-07-23,Vigente,
3145,SAT,2026-06-16,Vigente,
3145,SMS,,Vencido,
3191,AVSEC,2026-02-05,Vigente,
3191,SAT,2025-03-01,Vencido,2025-09-08
3191,SMS,2026-02-05,Vigente,
3201,AVSEC,2026-07-23,Vigente,
3201,SAT,2026-07-28,Vigente,
3201,SMS,,Vencido,
3202,AVSEC,2026-02-19,Vigente,
3202,SAT,2026-03-10,Vigente,
3202,SMS,2026-02-19,Vigente,
3239,AVSEC,2026-04-17,Vigente,
3239,SAT,2026-03-10,Vigente,
3239,SMS,2026-04-17,Vigente,
3262,AVSEC,2026-02-05,Vigente,
3262,SAT,2025-05-10,Vencido,2025-10-13
3262,SMS,2026-02-05,Vigente,
3269,AVSEC,2026-02-05,Vigente,
3269,SAT,2025-04-22,Vencido,2025-09-22
3269,SMS,2026-02-05,Vigente,
3278,AVSEC,2026-07-11,Vigente,
3278,SAT,2025-04-25,Vencido,2025-09-01
3278,SMS,,Vencido,
3282,AVSEC,2026-03-20,Vigente,
3282,SAT,2026-05-05,Vigente,
3282,SMS,2026-03-20,Vigente,
3295,AVSEC,2026-06-19,Vigente,
3295,SAT,2025-04-22,Vencido,2025-09-29
3295,SMS,2026-08-28,Vigente,
3305,AVSEC,2026-06-20,Vigente,
3305,SAT,2025-04-22,Vencido,2025-10-20
3305,SMS,,Vencido,
3315,AVSEC,2026-02-26,Vigente,
3315,SAT,2026-06-16,Vigente,
3315,SMS,2026-02-26,Vigente,
3316,AVSEC,2026-07-23,Vigente,
3316,SAT,2026-03-10,Vigente,
3316,SMS,2026-02-28,Vigente,
3321,AVSEC,2026-05-02,Vigente,
3321,SAT,2025-04-01,Vencido,2025-09-22
3321,SMS,2026-05-02,Vigente,
3365,AVSEC,2026-08-15,Vigente,
3365,SAT,2026-03-10,Vigente,
3365,SMS,2026-08-15,Vigente,
3377,AVSEC,2026-08-28,Vigente,
3377,SAT,2026-06-16,Vigente,
3377,SMS,2026-08-28,Vigente,
3379,AVSEC,2024-07-28,Vencido,
3379,SAT,,Vencido,2025-10-13
3379,SMS,,Vencido,
3404,AVSEC,2025-06-06,Vencido,
3404,SAT,2025-05-10,Vencido,
3404,SMS,,Vencido,
3405,AVSEC,2026-07-17,Vigente,
3405,SAT,2025-07-11,Vencido,2025-10-06
3405,SMS,,Vencido,
3406,AVSEC,2026-07-17,Vigente,
3406,SAT,2025-05-10,Vencido,2025-09-08
3406,SMS,,Vencido,
3437,AVSEC,2026-01-08,Vigente,
3437,SAT,2025-04-22,Vencido,2025-10-13
3437,SMS,2026-01-08,Vigente,
3448,AVSEC,2026-07-15,Vigente,
3448,SAT,2026-06-30,Vigente,
3448,SMS,,Vencido,
3457,AVSEC,2026-08-15,Vigente,
3457,SAT,2026-03-10,Vigente,
3457,SMS,2026-08-15,Vigente,
3464,AVSEC,2025-09-15,Vigente,2025-08-29
3464,SAT,2026-07-07,Vigente,
3464,SMS,,Vencido,
3473,AVSEC,2026-08-15,Vigente,
3473,SAT,2026-08-11,Vigente,
3473,SMS,,Vencido,
3480,AVSEC,2026-08-15,Vigente,
3480,SAT,2026-07-07,Vigente,
3480,SMS,2026-08-15,Vigente,
3489,AVSEC,2026-04-16,Vigente,
3489,SAT,,Vencido,2025-09-15
3489,SMS,,Vencido,
3533,AVSEC,2026-08-15,Vigente,
3533,SAT,2026-07-07,Vigente,
3533,SMS,2026-08-15,Vigente,
3535,AVSEC,2026-08-15,Vigente,
3535,SAT,2025-07-27,Vencido,2025-09-08
3535,SMS,2026-08-15,Vigente,
3539,AVSEC,2026-02-26,Vigente,
3539,SAT,2025-07-27,Vencido,
3539,SMS,,Vencido,
3543,AVSEC,2026-05-22,Vigente,
3543,SAT,2026-07-07,Vigente,
3543,SMS,2026-05-21,Vigente,
3545,AVSEC,2026-07-08,Vigente,
3545,SAT,2026-07-04,Vigente,
3545,SMS,2026-07-08,Vigente,
3550,AVSEC,2026-08-15,Vigente,
3550,SAT,2026-07-07,Vigente,
3550,SMS,2026-08-15,Vigente,
3559,AVSEC,2025-09-15,Vigente,2025-08-29
3559,SAT,2026-07-07,Vigente,
3559,SMS,,Vencido,
3618,AVSEC,,Vencido,
3618,SAT,2025-10-21,Vigente,
3618,SMS,2026-05-12,Vigente,
3628,AVSEC,2026-07-23,Vigente,
3628,SAT,2026-08-11,Vigente,
3628,SMS,,Vencido,
3630,AVSEC,2026-07-15,Vigente,
3630,SAT,2025-11-14,Vigente,2025-09-08
3630,SMS,2026-07-15,Vigente,
3637,AVSEC,2026-07-09,Vigente,
3637,SAT,2025-10-31,Vigente,
3637,SMS,2026-07-09,Vigente,
3669,AVSEC,2026-08-28,Vigente,
3669,SAT,,Vencido,2025-10-06
3669,SMS,2026-08-28,Vigente,
3670,AVSEC,2026-07-09,Vigente,
3670,SAT,2025-11-04,Vigente,
3670,SMS,2026-07-09,Vigente,
3684,AVSEC,2026-03-04,Vigente,
3684,SAT,2025-09-23,Vigente,
3684,SMS,2026-03-04,Vigente,
3685,AVSEC,2026-08-14,Vigente,
3685,SAT,2026-07-07,Vigente,
3685,SMS,2026-08-14,Vigente,
3700,AVSEC,,Vencido,
3700,SAT,2026-08-18,Vigente,
3700,SMS,,Vencido,
3701,AVSEC,2026-08-21,Vigente,
3701,SAT,2026-08-11,Vigente,
3701,SMS,,Vencido,
3702,AVSEC,2026-07-08,Vigente,
3702,SAT,2026-08-18,Vigente,
3702,SMS,2026-07-08,Vigente,
3735,AVSEC,2026-04-29,Vigente,
3735,SAT,,Vencido,
3735,SMS,,Vencido,
3751,AVSEC,,Vencido,
3751,SAT,2026-07-14,Vigente,
3751,SMS,2026-05-12,Vigente,
3757,AVSEC,2026-08-21,Vigente,
3757,SAT,2025-11-11,Vigente,
3757,SMS,,Vencido,
3758,AVSEC,2026-07-23,Vigente,
3758,SAT,2025-11-04,Vigente,
3758,SMS,,Vencido,
3768,AVSEC,2026-09-02,Vigente,
3768,SAT,2025-09-23,Vigente,
3768,SMS,2026-09-02,Vigente,
3785,AVSEC,,Vencido,2025-09-02
3785,SAT,,Vencido,2025-10-20
3785,SMS,,Vencido,
3790,AVSEC,2026-07-08,Vigente,
3790,SAT,2025-10-21,Vigente,
3790,SMS,,Vencido,
3847,AVSEC,2025-10-13,Vigente,
3847,SAT,2026-08-18,Vigente,
3847,SMS,2025-10-13,Vigente,
3848,AVSEC,2025-10-13,Vigente,
3848,SAT,2025-10-21,Vigente,
3848,SMS,2025-10-13,Vigente,
3869,AVSEC,2025-10-13,Vigente,2025-09-10
3869,SAT,2025-11-06,Vigente,
3869,SMS,2025-10-13,Vigente,
3874,AVSEC,2026-03-13,Vigente,
3874,SAT,2025-10-21,Vigente,2025-09-22
3874,SMS,2026-03-13,Vigente,
3910,AVSEC,2026-05-22,Vigente,
3910,SAT,2026-07-14,Vigente,
3910,SMS,2026-05-21,Vigente,
3912,AVSEC,2025-10-13,Vigente,
3912,SAT,2025-11-04,Vigente,
3912,SMS,2025-10-13,Vigente,
3914,AVSEC,2025-10-13,Vigente,2025-09-10
3914,SAT,2025-10-21,Vigente,
3914,SMS,2025-10-13,Vigente,
3917,AVSEC,2026-08-20,Vigente,
3917,SAT,2025-11-14,Vigente,
3917,SMS,2026-08-20,Vigente,
3941,AVSEC,2026-08-20,Vigente,
3941,SAT,2025-11-04,Vigente,
3941,SMS,2026-08-20,Vigente,
3944,AVSEC,2024-12-28,Vencido,2025-09-12
3944,SAT,2024-10-22,Vencido,2025-09-29
3944,SMS,,Vencido,
3949,AVSEC,2025-10-13,Vigente,2025-09-10
3949,SAT,2025-11-06,Vigente,
3949,SMS,2025-10-13,Vigente,
3960,AVSEC,2026-02-25,Vigente,
3960,SAT,2026-05-12,Vigente,
3960,SMS,2026-02-25,Vigente,
3961,AVSEC,2025-10-13,Vigente,2025-09-10
3961,SAT,2026-03-10,Vigente,
3961,SMS,2025-10-13,Vigente,
3980,AVSEC,2026-08-14,Vigente,
3980,SAT,2024-10-22,Vencido,
3980,SMS,2026-08-14,Vigente,
3997,AVSEC,2026-02-19,Vigente,
3997,SAT,2026-05-19,Vigente,
3997,SMS,2026-02-19,Vigente,
3998,AVSEC,2025-10-06,Vigente,2025-09-10
3998,SAT,2025-11-11,Vigente,
3998,SMS,2025-10-02,Vigente,
4029,AVSEC,2026-03-26,Vigente,
4029,SAT,2026-07-21,Vigente,
4029,SMS,2026-03-26,Vigente,
4048,AVSEC,2025-10-06,Vigente,
4048,SAT,2026-05-05,Vigente,2025-09-08
4048,SMS,2025-10-02,Vigente,
4051,AVSEC,2026-07-08,Vigente,
4051,SAT,2026-02-10,Vigente,
4051,SMS,2026-02-28,Vigente,
4052,AVSEC,2025-10-16,Vigente,
4052,SAT,2026-05-19,Vigente,
4052,SMS,2025-10-02,Vigente,
4070,AVSEC,2025-10-06,Vigente,2025-09-10
4070,SAT,2026-05-19,Vigente,
4070,SMS,2025-10-02,Vigente,
4071,AVSEC,2025-10-06,Vigente,
4071,SAT,,Vencido,
4071,SMS,,Vencido,
4072,AVSEC,2025-10-13,Vigente,
4072,SAT,2026-02-10,Vigente,
4072,SMS,2025-10-13,Vigente,
4073,AVSEC,2025-10-06,Vigente,
4073,SAT,2026-02-10,Vigente,
4073,SMS,2025-10-02,Vigente,
4080,AVSEC,2025-10-16,Vigente,
4080,SAT,2026-05-12,Vigente,
4080,SMS,2025-10-16,Vigente,
4096,AVSEC,2026-09-02,Vigente,2025-09-02
4096,SAT,2026-05-05,Vigente,
4096,SMS,2026-09-02,Vigente,
4104,AVSEC,2026-01-29,Vigente,
4104,SAT,2026-05-26,Vigente,
4104,SMS,2026-01-29,Vigente,
4124,AVSEC,2026-03-26,Vigente,
4124,SAT,2026-07-21,Vigente,
4124,SMS,2026-03-26,Vigente,
4133,AVSEC,2026-03-26,Vigente,
4133,SAT,2026-05-26,Vigente,
4133,SMS,2026-03-26,Vigente,
4139,AVSEC,2026-03-26,Vigente,
4139,SAT,2026-02-10,Vigente,
4139,SMS,2026-03-26,Vigente,
4141,AVSEC,2026-03-26,Vigente,
4141,SAT,,Vencido,
4141,SMS,,Vencido,
4142,AVSEC,2026-06-20,Vigente,
4142,SAT,,Vencido,2025-10-27
4142,SMS,2026-07-20,Vigente,
4143,AVSEC,,Vencido,
4143,SAT,,Vencido,2025-09-01
4143,SMS,,Vencido,
4146,AVSEC,2026-01-22,Vigente,
4146,SAT,2025-01-15,Vencido,
4146,SMS,2026-01-22,Vigente,
4149,AVSEC,2025-03-04,Vencido,2025-09-02
4149,SAT,,Vencido,
4149,SMS,,Vencido,
4167,AVSEC,2026-08-14,Vigente,
4167,SAT,2025-01-15,Vencido,2025-09-15
4167,SMS,2026-08-14,Vigente,
4168,AVSEC,2026-09-02,Vigente,
4168,SAT,2025-01-15,Vencido,2025-09-08
4168,SMS,2026-09-02,Vigente,
4170,AVSEC,2026-01-22,Vigente,
4170,SAT,,Vencido,2025-10-13
4170,SMS,,Vencido,
4208,AVSEC,2026-01-29,Vigente,
4208,SAT,2026-06-30,Vigente,
4208,SMS,2026-01-29,Vigente,
4210,AVSEC,2026-01-29,Vigente,
4210,SAT,2025-01-28,Vencido,2025-09-01
4210,SMS,2026-01-29,Vigente,
4216,AVSEC,2026-01-29,Vigente,
4216,SAT,2026-06-30,Vigente,
4216,SMS,2026-01-29,Vigente,
4217,AVSEC,2026-01-29,Vigente,
4217,SAT,,Vencido,2025-09-01
4217,SMS,,Vencido,
4218,AVSEC,2026-01-29,Vigente,
4218,SAT,2025-01-28,Vencido,2025-09-15
4218,SMS,2026-01-29,Vigente,
4233,AVSEC,2025-03-04,Vencido,2025-08-20
4233,SAT,2025-02-04,Vencido,2025-10-27
4233,SMS,,Vencido,2025-08-20
4234,AVSEC,2026-01-22,Vigente,
4234,SAT,2025-09-19,Vigente,2025-09-01
4234,SMS,2026-01-22,Vigente,
4250,AVSEC,2026-07-23,Vigente,
4250,SAT,,Vencido,2025-09-01
4250,SMS,,Vencido,
4255,AVSEC,2026-02-05,Vigente,
4255,SAT,2025-07-29,Vencido,2025-09-29
4255,SMS,2026-02-05,Vigente,
4256,AVSEC,2026-02-12,Vigente,
4256,SAT,2026-05-12,Vigente,
4256,SMS,2026-02-12,Vigente,
4298,AVSEC,2026-02-12,Vigente,
4298,SAT,2026-06-30,Vigente,
4298,SMS,2026-02-12,Vigente,
4304,AVSEC,2026-02-12,Vigente,
4304,SAT,2026-05-05,Vigente,
4304,SMS,2026-02-12,Vigente,
4326,AVSEC,2026-03-11,Vigente,
4326,SAT,2026-05-05,Vigente,
4326,SMS,2026-03-11,Vigente,
4330,AVSEC,2026-01-22,Vigente,
4330,SAT,2025-03-01,Vencido,2025-10-13
4330,SMS,,Vencido,
4340,AVSEC,2026-02-27,Vigente,
4340,SAT,2025-03-01,Vencido,2025-09-08
4340,SMS,2026-02-27,Vigente,
4344,AVSEC,2026-01-29,Vigente,
4344,SAT,2026-06-30,Vigente,
4344,SMS,2026-01-29,Vigente,
4345,AVSEC,2026-01-29,Vigente,
4345,SAT,,Vencido,2025-09-15
4345,SMS,,Vencido,
4347,AVSEC,2026-02-19,Vigente,
4347,SAT,2026-05-19,Vigente,
4347,SMS,2026-02-19,Vigente,
4348,AVSEC,2026-02-19,Vigente,
4348,SAT,2026-06-30,Vigente,
4348,SMS,2026-02-19,Vigente,
4350,AVSEC,2026-02-19,Vigente,
4350,SAT,2026-05-26,Vigente,
4350,SMS,2026-02-19,Vigente,
4351,AVSEC,2026-02-19,Vigente,
4351,SAT,2026-02-10,Vigente,
4351,SMS,2026-02-19,Vigente,
4354,AVSEC,2026-02-19,Vigente,
4354,SAT,2026-07-21,Vigente,
4354,SMS,2026-02-19,Vigente,
4357,AVSEC,2026-08-07,Vigente,
4357,SAT,2026-05-12,Vigente,
4357,SMS,2026-08-07,Vigente,
4358,AVSEC,2026-05-13,Vigente,
4358,SAT,,Vencido,2025-09-01
4358,SMS,,Vencido,
4374,AVSEC,2026-02-27,Vigente,
4374,SAT,2025-03-19,Vencido,2025-09-22
4374,SMS,2026-02-27,Vigente,
4376,AVSEC,2026-08-08,Vigente,
4376,SAT,2026-05-05,Vigente,
4376,SMS,2026-06-10,Vigente,
4378,AVSEC,2026-08-20,Vigente,
4378,SAT,2025-03-19,Vencido,2025-09-15
4378,SMS,2026-08-20,Vigente,
4390,AVSEC,2026-05-02,Vigente,
4390,SAT,,Vencido,
4390,SMS,,Vencido,
4397,AVSEC,2026-08-21,Vigente,
4397,SAT,2026-06-30,Vigente,
4397,SMS,2026-06-10,Vigente,
4399,AVSEC,2026-03-20,Vigente,
4399,SAT,2026-06-30,Vigente,
4399,SMS,2026-03-20,Vigente,
4402,AVSEC,2026-03-20,Vigente,
4402,SAT,,Vencido,2025-09-01
4402,SMS,,Vencido,
4405,AVSEC,2026-03-20,Vigente,
4405,SAT,2026-05-19,Vigente,
4405,SMS,2026-03-20,Vigente,
4411,AVSEC,2026-02-05,Vigente,
4411,SAT,2025-04-01,Vencido,2025-09-15
4411,SMS,2026-02-05,Vigente,
4438,AVSEC,2026-07-17,Vigente,
4438,SAT,2026-04-15,Vigente,
4438,SMS,,Vencido,
4444,AVSEC,2026-07-17,Vigente,
4444,SAT,2026-04-15,Vigente,
4444,SMS,,Vencido,
4449,AVSEC,2026-09-02,Vigente,
4449,SAT,2025-04-15,Vencido,
4449,SMS,2026-09-02,Vigente,
4454,AVSEC,,Vencido,
4454,SAT,2026-05-12,Vigente,
4454,SMS,2025-02-27,Vencido,
4468,AVSEC,2026-07-03,Vigente,
4468,SAT,2026-05-05,Vigente,
4468,SMS,,Vencido,
4484,AVSEC,2026-05-15,Vigente,
4484,SAT,2026-06-30,Vigente,
4484,SMS,2026-06-15,Vigente,
4489,AVSEC,,Vencido,
4489,SAT,2026-06-30,Vigente,
4489,SMS,2026-02-28,Vigente,
4493,AVSEC,,Vencido,
4493,SAT,2026-06-30,Vigente,
4493,SMS,2026-03-08,Vigente,
4496,AVSEC,2026-07-08,Vigente,
4496,SAT,2026-06-09,Vigente,
4496,SMS,2026-03-08,Vigente,
4498,AVSEC,2026-06-12,Vigente,
4498,SAT,2026-05-19,Vigente,
4498,SMS,2026-06-12,Vigente,
4499,AVSEC,2026-03-20,Vigente,
4499,SAT,2026-07-21,Vigente,
4499,SMS,2026-03-20,Vigente,
4501,AVSEC,2026-06-12,Vigente,
4501,SAT,2026-07-21,Vigente,
4501,SMS,2026-06-12,Vigente,
4502,AVSEC,2026-07-03,Vigente,
4502,SAT,2026-06-16,Vigente,
4502,SMS,2026-07-03,Vigente,
4503,AVSEC,2026-07-17,Vigente,
4503,SAT,,Vencido,
4503,SMS,,Vencido,
4506,AVSEC,2026-02-27,Vigente,
4506,SAT,2025-05-13,Vencido,2025-10-06
4506,SMS,2026-02-27,Vigente,
4511,AVSEC,2026-02-11,Vigente,
4511,SAT,2026-05-20,Vigente,
4511,SMS,2026-02-11,Vigente,
4512,AVSEC,2026-07-03,Vigente,
4512,SAT,2025-05-20,Vencido,
4512,SMS,,Vencido,
4525,AVSEC,2026-02-28,Vigente,
4525,SAT,2025-06-03,Vencido,2025-09-15
4525,SMS,2026-02-28,Vigente,
4527,AVSEC,2026-07-08,Vigente,
4527,SAT,,Vencido,
4527,SMS,,Vencido,
4531,AVSEC,2026-07-08,Vigente,
4531,SAT,2026-07-28,Vigente,2025-09-15
4531,SMS,2025-02-27,Vencido,
4533,AVSEC,2026-03-26,Vigente,
4533,SAT,2026-07-28,Vigente,
4533,SMS,2026-03-26,Vigente,
4552,AVSEC,2026-04-30,Vigente,
4552,SAT,,Vencido,
4552,SMS,,Vencido,
4553,AVSEC,2026-06-12,Vigente,
4553,SAT,2026-08-11,Vigente,
4553,SMS,2026-06-12,Vigente,
4557,AVSEC,2026-08-07,Vigente,
4557,SAT,2026-08-11,Vigente,
4557,SMS,2025-02-27,Vencido,
4558,AVSEC,2026-08-07,Vigente,
4558,SAT,2026-07-14,Vigente,
4558,SMS,,Vencido,
4559,AVSEC,2026-08-07,Vigente,
4559,SAT,2026-07-14,Vigente,
4559,SMS,2025-02-27,Vencido,
4560,AVSEC,2026-08-07,Vigente,
4560,SAT,2026-07-14,Vigente,
4560,SMS,2025-02-27,Vencido,
4562,AVSEC,2026-07-08,Vigente,
4562,SAT,2026-07-14,Vigente,
4562,SMS,2026-03-08,Vigente,
4563,AVSEC,2026-08-07,Vigente,
4563,SAT,2026-07-07,Vigente,
4563,SMS,2025-02-27,Vencido,
4578,AVSEC,2026-02-28,Vigente,
4578,SAT,2026-06-16,Vigente,
4578,SMS,,Vencido,
4594,AVSEC,2026-07-08,Vigente,
4594,SAT,2026-07-14,Vigente,
4594,SMS,2026-07-08,Vigente,
4598,AVSEC,2026-03-26,Vigente,
4598,SAT,2026-07-14,Vigente,2025-09-22
4598,SMS,2026-03-26,Vigente,
4602,AVSEC,2026-07-08,Vigente,
4602,SAT,2026-07-14,Vigente,
4602,SMS,2026-07-08,Vigente,
4612,AVSEC,2026-02-25,Vigente,
4612,SAT,2026-07-14,Vigente,
4612,SMS,2026-02-25,Vigente,
4615,AVSEC,2026-02-18,Vigente,
4615,SAT,2026-07-21,Vigente,
4615,SMS,2026-02-18,Vigente,
4616,AVSEC,2026-02-25,Vigente,
4616,SAT,2026-07-28,Vigente,
4616,SMS,2026-02-25,Vigente,
4620,AVSEC,2026-02-25,Vigente,
4620,SAT,2026-06-09,Vigente,
4620,SMS,2026-02-25,Vigente,
4621,AVSEC,,Vencido,2025-08-21
4621,SAT,,Vencido,2025-09-01
4621,SMS,,Vencido,
4640,AVSEC,2026-01-09,Vigente,
4640,SAT,2026-09-01,Vigente,
4640,SMS,2026-01-09,Vigente,
4651,AVSEC,2026-02-13,Vigente,
4651,SAT,2026-09-01,Vigente,
4651,SMS,2026-02-13,Vigente,
4652,AVSEC,2026-07-09,Vigente,
4652,SAT,2025-07-01,Vencido,2025-10-20
4652,SMS,2026-07-09,Vigente,
4654,AVSEC,2026-08-01,Vigente,
4654,SAT,2025-07-01,Vencido,2025-11-03
4654,SMS,,Vencido,
4656,AVSEC,2026-08-01,Vigente,
4656,SAT,2025-07-01,Vencido,
4656,SMS,,Vencido,
4661,AVSEC,2026-07-08,Vigente,
4661,SAT,2026-08-11,Vigente,
4661,SMS,,Vencido,
4663,AVSEC,2026-07-15,Vigente,
4663,SAT,2026-08-04,Vigente,
4663,SMS,,Vencido,
4664,AVSEC,2026-08-21,Vigente,
4664,SAT,2026-06-09,Vigente,
4664,SMS,,Vencido,
4669,AVSEC,2026-08-21,Vigente,
4669,SAT,2026-07-28,Vigente,
4669,SMS,,Vencido,
4672,AVSEC,2026-07-09,Vigente,
4672,SAT,2025-07-15,Vencido,2025-10-06
4672,SMS,2026-07-09,Vigente,
4680,AVSEC,2026-07-03,Vigente,
4680,SAT,2025-07-15,Vencido,2025-09-08
4680,SMS,,Vencido,
4683,AVSEC,2026-04-30,Vigente,
4683,SAT,2025-07-15,Vencido,2025-09-08
4683,SMS,2026-04-30,Vigente,
4692,AVSEC,2026-04-16,Vigente,
4692,SAT,2026-07-22,Vigente,
4692,SMS,,Vencido,
4693,AVSEC,2026-03-27,Vigente,
4693,SAT,2025-07-22,Vencido,2025-09-08
4693,SMS,2026-02-27,Vigente,
4710,AVSEC,2026-07-15,Vigente,
4710,SAT,2026-07-25,Vigente,
4710,SMS,,Vencido,
4712,AVSEC,,Vencido,
4712,SAT,2026-07-14,Vigente,
4712,SMS,,Vencido,
4718,AVSEC,,Vencido,2025-09-02
4718,SAT,,Vencido,
4718,SMS,,Vencido,
4725,AVSEC,2026-07-17,Vigente,
4725,SAT,2025-07-29,Vencido,2025-10-06
4725,SMS,,Vencido,
4728,AVSEC,2026-03-27,Vigente,
4728,SAT,2025-07-29,Vencido,2025-10-13
4728,SMS,,Vencido,
4732,AVSEC,2026-02-18,Vigente,
4732,SAT,2026-07-28,Vigente,
4732,SMS,,Vencido,
4737,AVSEC,2026-07-23,Vigente,
4737,SAT,2026-08-04,Vigente,
4737,SMS,2026-05-21,Vigente,
4738,AVSEC,2026-02-25,Vigente,
4738,SAT,2026-07-28,Vigente,
4738,SMS,2026-02-25,Vigente,
4739,AVSEC,2026-05-15,Vigente,
4739,SAT,2025-08-03,Vencido,
4739,SMS,2026-05-15,Vigente,
4743,AVSEC,2026-02-25,Vigente,
4743,SAT,2026-07-28,Vigente,
4743,SMS,2026-02-25,Vigente,
4745,AVSEC,2026-02-26,Vigente,
4745,SAT,2026-08-11,Vigente,
4745,SMS,2026-02-25,Vigente,
4754,AVSEC,2026-08-20,Vigente,
4754,SAT,2025-08-05,Vencido,2025-10-20
4754,SMS,2026-08-20,Vigente,
4764,AVSEC,2026-08-14,Vigente,
4764,SAT,2025-08-12,Vencido,
4764,SMS,2026-08-14,Vigente,
4766,AVSEC,2025-08-16,Vencido,2025-09-12
4766,SAT,2025-08-12,Vencido,2025-10-06
4766,SMS,,Vencido,
4769,AVSEC,2026-04-16,Vigente,
4769,SAT,2026-09-01,Vigente,
4769,SMS,2026-04-16,Vigente,
4772,AVSEC,2026-01-14,Vigente,
4772,SAT,2025-08-12,Vencido,2025-09-29
4772,SMS,,Vencido,
4781,AVSEC,2026-07-15,Vigente,
4781,SAT,2026-07-07,Vigente,
4781,SMS,,Vencido,
4783,AVSEC,2026-08-29,Vigente,
4783,SAT,2026-08-04,Vigente,
4783,SMS,,Vencido,
4784,AVSEC,2026-08-29,Vigente,
4784,SAT,2026-08-04,Vigente,
4784,SMS,,Vencido,
4786,AVSEC,2026-07-15,Vigente,
4786,SAT,2026-08-04,Vigente,
4786,SMS,,Vencido,
4790,AVSEC,2026-08-14,Vigente,2025-08-20
4790,SAT,,Vencido,2025-09-29
4790,SMS,2026-08-14,Vigente,
4802,AVSEC,2026-08-14,Vigente,
4802,SAT,2025-08-19,Vencido,2025-09-29
4802,SMS,2026-08-14,Vigente,
4814,AVSEC,2026-03-04,Vigente,
4814,SAT,2026-07-07,Vigente,
4814,SMS,2025-03-04,Vencido,
4822,AVSEC,2026-03-04,Vigente,
4822,SAT,2025-08-28,Vencido,
4822,SMS,2026-03-04,Vigente,
4826,AVSEC,2026-02-13,Vigente,
4826,SAT,2025-08-26,Vencido,2025-09-15
4826,SMS,2026-02-13,Vigente,
4830,AVSEC,2025-11-27,Vigente,
4830,SAT,2026-07-07,Vigente,
4830,SMS,,Vencido,
4833,AVSEC,2026-01-10,Vigente,
4833,SAT,2025-08-28,Vencido,
4833,SMS,2026-01-10,Vigente,
4837,AVSEC,,Vencido,
4837,SAT,2026-07-28,Vigente,
4837,SMS,,Vencido,
4841,AVSEC,,Vencido,
4841,SAT,2026-08-04,Vigente,
4841,SMS,2026-05-12,Vigente,
4842,AVSEC,2026-07-15,Vigente,
4842,SAT,2026-08-18,Vigente,
4842,SMS,,Vencido,
4845,AVSEC,2026-08-21,Vigente,
4845,SAT,2026-08-04,Vigente,
4845,SMS,,Vencido,
4853,AVSEC,2026-08-21,Vigente,
4853,SAT,2026-08-11,Vigente,
4853,SMS,,Vencido,
4854,AVSEC,2025-09-23,Vigente,
4854,SAT,2025-09-02,Vencido,2025-10-13
4854,SMS,,Vencido,
4866,AVSEC,2026-04-29,Vigente,
4866,SAT,,Vencido,
4866,SMS,,Vencido,
4875,AVSEC,2025-09-22,Vigente,
4875,SAT,,Vencido,
4875,SMS,,Vencido,
4876,AVSEC,2025-09-22,Vigente,
4876,SAT,2025-09-09,Vencido,
4876,SMS,,Vencido,
4883,AVSEC,2025-09-22,Vigente,
4883,SAT,2025-09-09,Vencido,
4883,SMS,,Vencido,
4894,AVSEC,2026-08-08,Vigente,
4894,SAT,2025-09-16,Vigente,
4894,SMS,2026-03-08,Vigente,
4898,AVSEC,2026-02-13,Vigente,
4898,SAT,2025-09-16,Vigente,
4898,SMS,2026-02-13,Vigente,
4899,AVSEC,2025-10-05,Vigente,
4899,SAT,2025-09-19,Vigente,
4899,SMS,2025-09-27,Vigente,
4901,AVSEC,2025-10-05,Vigente,
4901,SAT,2026-08-18,Vigente,
4901,SMS,2025-09-27,Vigente,
4914,AVSEC,2026-03-05,Vigente,
4914,SAT,2025-09-30,Vigente,
4914,SMS,2026-03-05,Vigente,
4918,AVSEC,2025-10-10,Vigente,
4918,SAT,2025-09-30,Vigente,
4918,SMS,2025-10-10,Vigente,
4922,AVSEC,2025-10-10,Vigente,
4922,SAT,2025-09-30,Vigente,
4922,SMS,,Vencido,
4924,AVSEC,2025-10-11,Vigente,
4924,SAT,2025-10-03,Vigente,2025-09-08
4924,SMS,,Vencido,
4927,AVSEC,2025-10-11,Vigente,
4927,SAT,2025-10-03,Vigente,2025-09-22
4927,SMS,,Vencido,
4928,AVSEC,2025-10-11,Vigente,
4928,SAT,2025-10-03,Vigente,
4928,SMS,,Vencido,
4943,AVSEC,2025-10-10,Vigente,2025-09-12
4943,SAT,2025-10-07,Vigente,2025-10-06
4943,SMS,2025-10-10,Vigente,
4947,AVSEC,2026-03-05,Vigente,
4947,SAT,2026-10-07,Vigente,
4947,SMS,,Vencido,
4953,AVSEC,2025-10-17,Vigente,
4953,SAT,2025-10-14,Vigente,
4953,SMS,2025-10-17,Vigente,
4954,AVSEC,2025-10-17,Vigente,
4954,SAT,2025-10-14,Vigente,
4954,SMS,2025-10-17,Vigente,
4964,AVSEC,2025-10-18,Vigente,2025-09-10
4964,SAT,2025-10-14,Vigente,2025-09-15
4964,SMS,2025-10-18,Vigente,
4965,AVSEC,2025-10-18,Vigente,
4965,SAT,2025-10-14,Vigente,2025-09-22
4965,SMS,2025-10-18,Vigente,
4973,AVSEC,2025-10-18,Vigente,2025-09-10
4973,SAT,2025-10-14,Vigente,2025-09-08
4973,SMS,2025-10-18,Vigente,
4978,AVSEC,2025-10-25,Vigente,
4978,SAT,2025-10-21,Vigente,
4978,SMS,,Vencido,
4988,AVSEC,,Vencido,2025-09-02
4988,SAT,,Vencido,
4988,SMS,,Vencido,
4992,SMS,2025-11-01,Vigente,
4993,AVSEC,2025-11-01,Vigente,
4993,SAT,2025-10-28,Vigente,
4993,SMS,2025-11-01,Vigente,
4995,AVSEC,2025-11-01,Vigente,
4995,SAT,2025-10-28,Vigente,
4995,SMS,2025-11-01,Vigente,
4997,AVSEC,2025-11-01,Vigente,
4997,SAT,2025-10-28,Vigente,
4997,SMS,2025-11-01,Vigente,
4999,AVSEC,2025-11-01,Vigente,
4999,SAT,2025-10-28,Vigente,2025-09-15
4999,SMS,2025-11-01,Vigente,
5000,AVSEC,2025-11-01,Vigente,
5000,SAT,2025-10-28,Vigente,2025-09-22
5000,SMS,2025-11-01,Vigente,
5002,AVSEC,,Vencido,
5002,SAT,2025-10-28,Vigente,
5002,SMS,,Vencido,
5005,AVSEC,,Vencido,
5005,SAT,,Vencido,
5005,SMS,2026-09-05,Vigente,
5011,AVSEC,2026-09-05,Vigente,
5011,SAT,,Vencido,
5011,SMS,,Vencido,
5022,AVSEC,2026-02-11,Vigente,
5022,SAT,,Vencido,
5022,SMS,,Vencido,
5026,AVSEC,2026-03-04,Vigente,
5026,SAT,,Vencido,
5026,SMS,2026-03-04,Vigente,
5039,AVSEC,2025-11-15,Vigente,
5039,SAT,2025-11-11,Vigente,
5039,SMS,2025-11-15,Vigente,
5041,AVSEC,2025-11-15,Vigente,
5041,SAT,2025-11-11,Vigente,
5041,SMS,2025-11-15,Vigente,
5042,AVSEC,2025-11-15,Vigente,
5042,SAT,2025-11-11,Vigente,
5042,SMS,2025-11-15,Vigente,
5045,AVSEC,2025-11-15,Vigente,
5045,SAT,2025-11-11,Vigente,
5045,SMS,2025-11-15,Vigente,
5056,AVSEC,2026-02-05,Vigente,
5056,SAT,2025-11-18,Vigente,
5056,SMS,2026-02-05,Vigente,
5057,AVSEC,2026-01-10,Vigente,
5057,SAT,2025-11-18,Vigente,
5057,SMS,2026-01-10,Vigente,
5058,AVSEC,2026-01-08,Vigente,
5058,SAT,2025-11-18,Vigente,
5058,SMS,2026-01-08,Vigente,
5075,AVSEC,2025-11-29,Vigente,
5075,SAT,2025-11-25,Vigente,
5075,SMS,,Vencido,
5076,AVSEC,2026-03-20,Vigente,
5076,SAT,2025-11-25,Vigente,
5076,SMS,2026-03-20,Vigente,
5082,AVSEC,2025-11-29,Vigente,
5082,SAT,2025-11-25,Vigente,
5082,SMS,,Vencido,
5084,AVSEC,2026-02-11,Vigente,
5084,SAT,2025-11-18,Vigente,
5084,SMS,2026-02-11,Vigente,
5094,AVSEC,2026-02-11,Vigente,
5094,SAT,2025-11-25,Vigente,
5094,SMS,2026-02-11,Vigente,
5099,AVSEC,2026-04-11,Vigente,
5099,SAT,2025-11-25,Vigente,
5099,SMS,,Vencido,
5110,AVSEC,2026-02-28,Vigente,
5110,SAT,2025-12-02,Vigente,
5110,SMS,,Vencido,
5125,AVSEC,2025-12-13,Vigente,
5125,SAT,2026-12-02,Vigente,2025-09-15
5125,SMS,2025-12-13,Vigente,
5126,AVSEC,2025-12-13,Vigente,
5126,SAT,2025-12-09,Vigente,
5126,SMS,2025-12-13,Vigente,
5128,AVSEC,2026-03-13,Vigente,
5128,SAT,2025-12-09,Vigente,
5128,SMS,2025-12-13,Vigente,
5131,AVSEC,2025-12-13,Vigente,
5131,SAT,2025-12-09,Vigente,
5131,SMS,2025-12-13,Vigente,
5132,AVSEC,2025-12-13,Vigente,
5132,SAT,2025-12-09,Vigente,2025-09-15
5132,SMS,2025-12-13,Vigente,
5133,AVSEC,2025-12-13,Vigente,
5133,SAT,2026-12-09,Vigente,
5133,SMS,2026-12-13,Vigente,
5134,AVSEC,2025-12-13,Vigente,
5134,SAT,2025-12-09,Vigente,
5134,SMS,2025-12-13,Vigente,
5135,AVSEC,2025-12-13,Vigente,
5135,SAT,2025-12-09,Vigente,
5135,SMS,2025-12-13,Vigente,
5136,AVSEC,2025-12-13,Vigente,
5136,SAT,2025-12-09,Vigente,
5136,SMS,2025-12-13,Vigente,
5139,AVSEC,2025-12-20,Vigente,
5139,SAT,2025-12-16,Vigente,
5139,SMS,,Vencido,
5140,AVSEC,2025-12-20,Vigente,
5140,SAT,2025-12-16,Vigente,
5140,SMS,,Vencido,
5141,AVSEC,2026-05-22,Vigente,
5141,SAT,2025-12-16,Vigente,
5141,SMS,2026-05-22,Vigente,
5142,AVSEC,2026-03-26,Vigente,
5142,SAT,2025-12-16,Vigente,
5142,SMS,2026-03-26,Vigente,
5144,AVSEC,2025-12-20,Vigente,
5144,SAT,2025-12-16,Vigente,
5144,SMS,2025-12-20,Vigente,
5148,AVSEC,2025-12-12,Vigente,
5148,SAT,2025-12-09,Vigente,
5148,SMS,2025-12-12,Vigente,
5150,AVSEC,2026-03-05,Vigente,
5150,SAT,2026-03-08,Vigente,
5150,SMS,,Vencido,
5151,AVSEC,2025-12-12,Vigente,
5151,SAT,2025-12-09,Vigente,
5151,SMS,2025-12-12,Vigente,
5162,AVSEC,2026-04-23,Vigente,
5162,SAT,2025-12-09,Vigente,
5162,SMS,,Vencido,
5167,AVSEC,2025-12-20,Vigente,
5167,SAT,2025-12-16,Vigente,
5167,SMS,,Vencido,
5168,AVSEC,2025-12-19,Vigente,
5168,SAT,2025-12-16,Vigente,
5168,SMS,2025-12-19,Vigente,
5169,AVSEC,2025-12-19,Vigente,
5169,SAT,2025-12-16,Vigente,
5169,SMS,2025-12-19,Vigente,
5170,AVSEC,2025-12-19,Vigente,
5170,SAT,2025-12-16,Vigente,
5170,SMS,,Vencido,
5180,AVSEC,2025-12-27,Vigente,
5180,SAT,2025-12-23,Vigente,
5180,SMS,2025-12-27,Vigente,
5182,AVSEC,2025-12-27,Vigente,
5182,SAT,2025-12-23,Vigente,
5182,SMS,2025-12-27,Vigente,
5183,AVSEC,2025-12-27,Vigente,
5183,SAT,2025-12-23,Vigente,
5183,SMS,2025-12-27,Vigente,
5184,AVSEC,2026-02-26,Vigente,
5184,SAT,2025-12-23,Vigente,
5184,SMS,2026-02-26,Vigente,
5185,AVSEC,2025-12-27,Vigente,
5185,SAT,2025-12-23,Vigente,
5185,SMS,2026-02-26,Vigente,
5189,AVSEC,2026-02-13,Vigente,
5189,SAT,2026-02-13,Vigente,
5189,SMS,2025-12-23,Vigente,
5198,AVSEC,2026-01-16,Vigente,
5198,SAT,2026-01-13,Vigente,
5198,SMS,2026-01-16,Vigente,
5203,AVSEC,2026-01-17,Vigente,
5203,SAT,2026-01-15,Vigente,
5203,SMS,2026-01-17,Vigente,
5205,AVSEC,2026-02-18,Vigente,
5205,SAT,2026-01-15,Vigente,
5205,SMS,2026-01-18,Vigente,
5208,AVSEC,2026-01-17,Vigente,
5208,SAT,2026-01-15,Vigente,
5208,SMS,2026-01-17,Vigente,
5213,AVSEC,2026-01-16,Vigente,
5213,SAT,2026-01-13,Vigente,
5213,SMS,2026-09-05,Vigente,
5214,AVSEC,2026-09-05,Vigente,
5214,SAT,2026-01-13,Vigente,
5214,SMS,,Vencido,
5217,AVSEC,2026-01-16,Vigente,
5217,SAT,2026-01-13,Vigente,
5217,SMS,2026-01-16,Vigente,
5225,AVSEC,2026-01-17,Vigente,
5225,SAT,2026-01-15,Vigente,
5225,SMS,2026-01-17,Vigente,
5226,AVSEC,2026-01-17,Vigente,
5226,SAT,2026-01-15,Vigente,
5226,SMS,2026-01-17,Vigente,
5228,AVSEC,2026-01-17,Vigente,
5228,SAT,2026-01-15,Vigente,
5228,SMS,2026-01-17,Vigente,
5229,AVSEC,2026-01-17,Vigente,
5229,SAT,2026-01-15,Vigente,
5229,SMS,2026-01-17,Vigente,
5231,AVSEC,2026-01-17,Vigente,
5231,SAT,2026-01-15,Vigente,
5231,SMS,2026-01-17,Vigente,
5234,AVSEC,2026-03-05,Vigente,
5234,SAT,2026-01-20,Vigente,
5234,SMS,2026-03-05,Vigente,
5235,AVSEC,2026-03-05,Vigente,
5235,SAT,2026-03-08,Vigente,
5235,SMS,2026-03-05,Vigente,
5236,AVSEC,2026-02-13,Vigente,
5236,SAT,2026-01-20,Vigente,
5236,SMS,2026-02-13,Vigente,
5243,AVSEC,2026-02-13,Vigente,
5243,SAT,2026-01-20,Vigente,
5243,SMS,2026-02-13,Vigente,
5246,AVSEC,2026-04-15,Vigente,
5246,SAT,2026-01-20,Vigente,
5246,SMS,,Vencido,
5247,AVSEC,2026-02-26,Vigente,
5247,SAT,2026-01-27,Vigente,
5247,SMS,2026-02-26,Vigente,
5248,AVSEC,2026-01-31,Vigente,
5248,SAT,2026-01-27,Vigente,
5248,SMS,2026-01-31,Vigente,
5249,AVSEC,2026-01-31,Vigente,
5249,SAT,2026-01-27,Vigente,
5249,SMS,2026-01-31,Vigente,
5252,AVSEC,2026-01-31,Vigente,
5252,SAT,2026-01-27,Vigente,
5252,SMS,,Vencido,
5257,SAT,2026-01-27,Vigente,
5257,SMS,2026-01-31,Vigente,
5259,AVSEC,2026-08-20,Vigente,
5259,SAT,2026-01-27,Vigente,
5259,SMS,2026-08-20,Vigente,
5260,AVSEC,2026-03-05,Vigente,
5260,SAT,2026-01-27,Vigente,
5260,SMS,2026-02-13,Vigente,
5261,AVSEC,2026-01-30,Vigente,
5261,SAT,2026-01-27,Vigente,
5261,SMS,2026-01-30,Vigente,
5262,AVSEC,2026-03-04,Vigente,
5262,SAT,2026-01-27,Vigente,
5262,SMS,2026-03-04,Vigente,
5268,AVSEC,2026-01-30,Vigente,
5268,SAT,2026-01-27,Vigente,
5268,SMS,,Vencido,
5272,AVSEC,2026-01-30,Vigente,
5272,SAT,2026-01-27,Vigente,
5272,SMS,2026-01-30,Vigente,
5273,AVSEC,2026-01-30,Vigente,
5273,SAT,2026-01-27,Vigente,
5273,SMS,2026-01-30,Vigente,
5275,AVSEC,,Vencido,
5275,SAT,2026-01-27,Vigente,
5275,SMS,,Vencido,
5277,AVSEC,2026-02-20,Vigente,
5277,SAT,2026-02-03,Vigente,
5277,SMS,2026-02-20,Vigente,
5280,AVSEC,2026-02-20,Vigente,
5280,SAT,2026-02-03,Vigente,
5280,SMS,2026-02-20,Vigente,
5282,AVSEC,2026-02-20,Vigente,
5282,SAT,2026-02-03,Vigente,
5282,SMS,2026-03-08,Vigente,
5289,AVSEC,2026-02-20,Vigente,
5289,SAT,2026-02-03,Vigente,
5289,SMS,2026-02-20,Vigente,
5296,AVSEC,2026-02-21,Vigente,
5296,SAT,2026-02-10,Vigente,
5296,SMS,2026-02-21,Vigente,
5298,AVSEC,2026-02-21,Vigente,
5298,SAT,2026-02-10,Vigente,
5298,SMS,2026-02-21,Vigente,
5299,AVSEC,2026-02-21,Vigente,
5299,SAT,2026-02-10,Vigente,
5299,SMS,2026-02-21,Vigente,
5312,AVSEC,2026-03-07,Vigente,
5312,SAT,2026-02-17,Vigente,
5312,SMS,2026-03-07,Vigente,
5313,AVSEC,2026-03-07,Vigente,
5313,SAT,2026-02-17,Vigente,
5313,SMS,2026-03-07,Vigente,
5315,AVSEC,2026-03-07,Vigente,
5315,SAT,2026-02-17,Vigente,
5315,SMS,2026-03-07,Vigente,
5316,AVSEC,2026-03-07,Vigente,
5316,SAT,2026-02-17,Vigente,
5316,SMS,2026-03-07,Vigente,
5318,AVSEC,2026-03-07,Vigente,
5318,SAT,2026-02-17,Vigente,
5318,SMS,2026-03-07,Vigente,
5319,AVSEC,2026-03-07,Vigente,
5319,SAT,2026-02-17,Vigente,
5319,SMS,2026-03-07,Vigente,
5325,AVSEC,2026-03-06,Vigente,
5325,SAT,2026-02-17,Vigente,
5325,SMS,2026-03-06,Vigente,
5330,AVSEC,2026-03-06,Vigente,
5330,SAT,2026-02-17,Vigente,
5330,SMS,2026-03-06,Vigente,
5333,AVSEC,2026-03-06,Vigente,
5333,SAT,2026-02-17,Vigente,
5333,SMS,2026-03-06,Vigente,
5336,AVSEC,2026-01-16,Vigente,
5336,SAT,2026-02-24,Vigente,
5336,SMS,2026-01-16,Vigente,
5339,AVSEC,2026-03-12,Vigente,
5339,SAT,2026-02-24,Vigente,
5339,SMS,2026-03-12,Vigente,
5340,AVSEC,2026-03-12,Vigente,
5340,SAT,2026-02-24,Vigente,
5340,SMS,2026-03-12,Vigente,
5343,AVSEC,2026-03-12,Vigente,
5343,SAT,2026-02-24,Vigente,
5343,SMS,2026-03-12,Vigente,
5346,AVSEC,2026-03-12,Vigente,
5346,SAT,2026-02-24,Vigente,
5346,SMS,2026-03-12,Vigente,
5349,AVSEC,2026-03-12,Vigente,
5349,SAT,2026-02-24,Vigente,
5349,SMS,2026-03-12,Vigente,
5353,AVSEC,2026-03-14,Vigente,
5353,SAT,2026-03-03,Vigente,
5353,SMS,2026-03-14,Vigente,
5357,AVSEC,2026-03-14,Vigente,
5357,SAT,2026-03-03,Vigente,
5357,SMS,2026-03-14,Vigente,
5360,AVSEC,2026-03-14,Vigente,
5360,SAT,2026-03-03,Vigente,
5360,SMS,2026-03-14,Vigente,
5363,AVSEC,2026-03-18,Vigente,
5363,SAT,2026-03-03,Vigente,
5363,SMS,2026-03-18,Vigente,
5367,AVSEC,2026-03-18,Vigente,
5367,SAT,2026-03-03,Vigente,
5367,SMS,2026-03-18,Vigente,
5368,AVSEC,2026-03-18,Vigente,
5368,SAT,2026-03-03,Vigente,
5368,SMS,2026-03-18,Vigente,
5371,AVSEC,2026-03-18,Vigente,
5371,SAT,2026-03-03,Vigente,
5371,SMS,2026-03-18,Vigente,
5373,AVSEC,2026-04-09,Vigente,
5373,SAT,2026-03-03,Vigente,
5373,SMS,2026-04-09,Vigente,
5374,AVSEC,2026-03-18,Vigente,
5374,SAT,2026-03-03,Vigente,
5374,SMS,2026-03-18,Vigente,
5375,AVSEC,2026-03-18,Vigente,
5375,SAT,2026-03-03,Vigente,
5375,SMS,2026-03-18,Vigente,
5384,AVSEC,2026-05-28,Vigente,
5384,SAT,2026-03-10,Vigente,
5384,SMS,2026-05-28,Vigente,
5385,AVSEC,2026-04-15,Vigente,
5385,SAT,2026-03-10,Vigente,
5385,SMS,2026-04-15,Vigente,
5386,AVSEC,2026-04-05,Vigente,
5386,SAT,2026-03-10,Vigente,
5386,SMS,,Vencido,
5387,SAT,2026-03-10,Vigente,
5387,SMS,,Vencido,
5388,AVSEC,2026-04-05,Vigente,
5388,SAT,2026-03-10,Vigente,
5388,SMS,,Vencido,
5390,AVSEC,2026-04-15,Vigente,
5390,SAT,2026-03-10,Vigente,
5390,SMS,2026-04-15,Vigente,
5391,AVSEC,2026-04-05,Vigente,
5391,SAT,2026-03-10,Vigente,
5391,SMS,,Vencido,
5393,AVSEC,2026-04-05,Vigente,
5393,SAT,2026-03-10,Vigente,
5393,SMS,2026-04-19,Vigente,
5396,AVSEC,2026-08-22,Vigente,
5396,SAT,2026-03-10,Vigente,
5396,SMS,,Vencido,2025-08-22
5398,AVSEC,2026-04-05,Vigente,
5398,SAT,2026-03-10,Vigente,
5398,SMS,,Vencido,
5399,AVSEC,2026-03-21,Vigente,
5399,SAT,2026-03-10,Vigente,
5399,SMS,2026-03-21,Vigente,
5401,AVSEC,2026-03-21,Vigente,
5401,SAT,2026-03-10,Vigente,
5401,SMS,2026-03-21,Vigente,
5402,AVSEC,2026-05-22,Vigente,
5402,SAT,2026-03-10,Vigente,
5402,SMS,2026-05-21,Vigente,
5403,AVSEC,2026-03-21,Vigente,
5403,SAT,2026-03-10,Vigente,
5403,SMS,2026-03-21,Vigente,
5404,AVSEC,2026-03-21,Vigente,
5404,SAT,2026-03-10,Vigente,
5404,SMS,2026-03-21,Vigente,
5405,AVSEC,2026-04-09,Vigente,
5405,SAT,2026-03-10,Vigente,
5405,SMS,2026-04-09,Vigente,
5406,AVSEC,2026-03-21,Vigente,
5406,SAT,2026-03-10,Vigente,
5406,SMS,2026-03-21,Vigente,
5407,AVSEC,2026-04-18,Vigente,
5407,SAT,2026-03-17,Vigente,
5407,SMS,2026-04-01,Vigente,
5408,AVSEC,2026-04-01,Vigente,
5408,SAT,2026-03-17,Vigente,
5408,SMS,2026-04-01,Vigente,
5411,AVSEC,2026-04-01,Vigente,
5411,SAT,2026-03-17,Vigente,
5411,SMS,2026-04-01,Vigente,
5412,AVSEC,2026-04-01,Vigente,
5412,SAT,2026-03-17,Vigente,
5412,SMS,2026-04-01,Vigente,
5413,AVSEC,2026-04-01,Vigente,
5413,SAT,2026-03-17,Vigente,
5413,SMS,2026-04-01,Vigente,
5417,AVSEC,2026-04-02,Vigente,
5417,SAT,2026-03-17,Vigente,
5417,SMS,2026-04-02,Vigente,
5418,AVSEC,2026-04-02,Vigente,
5418,SAT,2026-03-17,Vigente,
5418,SMS,2026-04-02,Vigente,
5419,AVSEC,2026-04-02,Vigente,
5419,SAT,2026-03-17,Vigente,
5419,SMS,2026-04-02,Vigente,
5421,AVSEC,2026-04-02,Vigente,
5421,SAT,2026-03-17,Vigente,
5421,SMS,2026-04-02,Vigente,
5422,AVSEC,2026-04-08,Vigente,
5422,SAT,2026-03-27,Vigente,
5422,SMS,2026-04-08,Vigente,
5423,AVSEC,2026-04-08,Vigente,
5423,SAT,2026-03-27,Vigente,
5423,SMS,2026-04-08,Vigente,
5424,AVSEC,2026-04-08,Vigente,
5424,SAT,2026-03-27,Vigente,
5424,SMS,2026-04-08,Vigente,
5425,AVSEC,2026-04-08,Vigente,
5425,SAT,2026-03-27,Vigente,
5425,SMS,2026-04-08,Vigente,
5429,AVSEC,2026-04-08,Vigente,
5429,SAT,2026-03-27,Vigente,
5429,SMS,2026-04-08,Vigente,
5431,AVSEC,2026-04-09,Vigente,
5431,SAT,2026-03-25,Vigente,
5431,SMS,2026-04-09,Vigente,
5432,AVSEC,2026-04-09,Vigente,
5432,SAT,2026-03-25,Vigente,
5432,SMS,2026-04-09,Vigente,
5433,AVSEC,2026-04-09,Vigente,
5433,SAT,2026-03-25,Vigente,
5433,SMS,2026-04-09,Vigente,
5434,SMS,2026-04-09,Vigente,
5435,AVSEC,2026-04-09,Vigente,
5435,SAT,2026-03-25,Vigente,
5435,SMS,2026-04-09,Vigente,
5437,AVSEC,2026-04-09,Vigente,
5437,SAT,2026-03-25,Vigente,
5437,SMS,2026-04-09,Vigente,
5441,AVSEC,2026-04-23,Vigente,
5441,SAT,2026-04-20,Vigente,
5441,SMS,2026-04-23,Vigente,
5442,AVSEC,2026-04-11,Vigente,
5442,SAT,2026-04-20,Vigente,
5442,SMS,2026-04-11,Vigente,
5443,AVSEC,2026-04-11,Vigente,
5443,SAT,2026-04-20,Vigente,
5443,SMS,2026-04-11,Vigente,
5447,AVSEC,2026-04-11,Vigente,
5447,SAT,2026-04-20,Vigente,
5447,SMS,2026-04-11,Vigente,
5458,AVSEC,2026-04-18,Vigente,
5458,SAT,2026-04-07,Vigente,
5458,SMS,2026-04-18,Vigente,
5459,AVSEC,2026-08-22,Vigente,
5459,SAT,2026-04-07,Vigente,
5459,SMS,2026-09-05,Vigente,
5461,AVSEC,2026-04-22,Vigente,
5461,SAT,2026-04-07,Vigente,
5461,SMS,2026-04-22,Vigente,
5462,AVSEC,2026-04-22,Vigente,
5462,SAT,2026-04-07,Vigente,
5462,SMS,2026-04-22,Vigente,
5464,AVSEC,2026-04-22,Vigente,
5464,SAT,2026-04-07,Vigente,
5464,SMS,2026-04-22,Vigente,
5465,AVSEC,2026-04-22,Vigente,
5465,SAT,2026-04-07,Vigente,
5465,SMS,2026-04-22,Vigente,
5466,AVSEC,2026-04-22,Vigente,
5466,SAT,2026-04-07,Vigente,
5466,SMS,2026-04-22,Vigente,
5470,AVSEC,,Vencido,
5470,SAT,2026-04-21,Vigente,
5470,SMS,,Vencido,
5471,AVSEC,2026-05-06,Vigente,
5471,SAT,2026-04-14,Vigente,
5471,SMS,2026-05-06,Vigente,
5472,AVSEC,2026-05-06,Vigente,
5472,SAT,2026-04-14,Vigente,
5472,SMS,2026-05-06,Vigente,
5473,AVSEC,2026-05-06,Vigente,
5473,SAT,2026-04-14,Vigente,
5473,SMS,2026-05-06,Vigente,
5474,AVSEC,2026-05-06,Vigente,
5474,SAT,2026-04-14,Vigente,
5474,SMS,2026-05-06,Vigente,
5476,AVSEC,,Vencido,
5476,SAT,2026-04-14,Vigente,
5476,SMS,,Vencido,
5477,AVSEC,2026-04-24,Vigente,
5477,SAT,2026-04-14,Vigente,
5477,SMS,2026-09-04,Vigente,
5481,AVSEC,2026-04-24,Vigente,
5481,SAT,2026-04-14,Vigente,
5481,SMS,2026-04-24,Vigente,
5483,AVSEC,2026-04-24,Vigente,
5483,SAT,2026-04-14,Vigente,
5483,SMS,2026-04-24,Vigente,
5485,AVSEC,2026-09-04,Vigente,2025-09-04
5485,SAT,2026-04-14,Vigente,
5485,SMS,,Vencido,
5486,SAT,2026-07-31,Vigente,
5486,SMS,,Vencido,
5491,AVSEC,,Vencido,
5491,SAT,2026-04-21,Vigente,
5491,SMS,2026-05-20,Vigente,
5504,AVSEC,2026-05-08,Vigente,
5504,SAT,2026-04-21,Vigente,
5504,SMS,2026-05-08,Vigente,
5507,AVSEC,2026-05-08,Vigente,
5507,SAT,2026-04-21,Vigente,
5507,SMS,2026-05-08,Vigente,
5512,AVSEC,2026-05-09,Vigente,
5512,SAT,2026-04-29,Vigente,
5512,SMS,2026-05-09,Vigente,
5513,AVSEC,2026-05-09,Vigente,
5513,SAT,2026-04-29,Vigente,
5513,SMS,2026-05-09,Vigente,
5516,AVSEC,,Vencido,2025-09-04
5516,SAT,2026-04-29,Vigente,
5516,SMS,2026-07-30,Vigente,
5518,AVSEC,2026-05-09,Vigente,
5518,SAT,2026-04-29,Vigente,
5518,SMS,2026-05-09,Vigente,
5519,SAT,2026-04-29,Vigente,
5522,AVSEC,,Vencido,2025-07-30
5522,SAT,2026-05-05,Vigente,
5522,SMS,2026-07-30,Vigente,
5523,AVSEC,,Vencido,2025-07-30
5523,SAT,2026-05-05,Vigente,
5523,SMS,2026-07-30,Vigente,
5524,AVSEC,,Vencido,2025-07-30
5524,SAT,2026-05-05,Vigente,
5524,SMS,2026-07-30,Vigente,
5525,AVSEC,,Vencido,2025-07-30
5525,SAT,2026-05-05,Vigente,
5525,SMS,2026-07-30,Vigente,
5526,AVSEC,,Vencido,2025-07-30
5526,SAT,2026-05-05,Vigente,
5526,SMS,2026-07-30,Vigente,
5527,AVSEC,,Vencido,2025-07-30
5527,SAT,2026-05-05,Vigente,
5527,SMS,,Vencido,
5528,AVSEC,,Vencido,2025-07-30
5528,SAT,2026-05-05,Vigente,
5528,SMS,2026-09-03,Vigente,
5532,AVSEC,,Vencido,2025-07-30
5532,SAT,2026-05-05,Vigente,
5532,SMS,,Vencido,
5533,AVSEC,,Vencido,2025-07-30
5533,SAT,2026-05-05,Vigente,
5533,SMS,2026-07-30,Vigente,
5537,AVSEC,2026-08-18,Vigente,
5537,SAT,2026-05-05,Vigente,
5537,SMS,,Vencido,
5539,AVSEC,2026-09-03,Vigente,
5539,SAT,2026-05-05,Vigente,
5539,SMS,,Vencido,
5540,AVSEC,2026-08-22,Vigente,
5540,SAT,2026-05-05,Vigente,
5540,SMS,,Vencido,2025-08-22
5550,SAT,2026-05-12,Vigente,
5550,SMS,,Vencido,
5551,AVSEC,2026-07-30,Vigente,
5551,SAT,2026-05-12,Vigente,
5551,SMS,,Vencido,
5552,AVSEC,2026-07-29,Vigente,
5552,SAT,2026-05-12,Vigente,
5552,SMS,,Vencido,
5553,AVSEC,2026-07-29,Vigente,
5553,SAT,2026-05-12,Vigente,
5553,SMS,,Vencido,
5554,AVSEC,2026-07-29,Vigente,
5554,SAT,2026-05-12,Vigente,
5554,SMS,,Vencido,
5556,AVSEC,2026-07-29,Vigente,
5556,SAT,2026-05-12,Vigente,
5556,SMS,,Vencido,
5558,AVSEC,,Vencido,
5558,SAT,2026-05-12,Vigente,
5558,SMS,,Vencido,
5559,AVSEC,2026-07-16,Vigente,
5559,SAT,2026-05-12,Vigente,
5559,SMS,,Vencido,
5564,AVSEC,2026-07-16,Vigente,
5564,SAT,2026-05-12,Vigente,
5564,SMS,2026-09-05,Vigente,
5565,AVSEC,2026-08-19,Vigente,
5565,SAT,2026-05-12,Vigente,
5565,SMS,,Vencido,
5568,AVSEC,2026-05-29,Vigente,
5568,SAT,2026-05-19,Vigente,
5568,SMS,2026-05-29,Vigente,
5569,SAT,2026-05-19,Vigente,
5569,SMS,2026-05-29,Vigente,
5570,AVSEC,2026-05-29,Vigente,
5570,SAT,2026-05-19,Vigente,
5570,SMS,2026-05-29,Vigente,
5578,AVSEC,2026-05-30,Vigente,
5578,SAT,2026-05-19,Vigente,
5578,SMS,,Vencido,
5580,AVSEC,2026-09-05,Vigente,
5580,SAT,2026-05-19,Vigente,
5580,SMS,,Vencido,
5582,AVSEC,,Vencido,
5582,SAT,,Vencido,
5582,SMS,,Vencido,
5586,AVSEC,2026-07-16,Vigente,
5586,SAT,2026-05-26,Vigente,
5586,SMS,,Vencido,
5587,AVSEC,,Vencido,2025-09-03
5587,SAT,2026-05-26,Vigente,
5587,SMS,2026-06-18,Vigente,
5589,AVSEC,,Vencido,
5589,SAT,2026-05-26,Vigente,
5589,SMS,2026-06-18,Vigente,
5591,AVSEC,2026-07-04,Vigente,
5591,SAT,2026-05-26,Vigente,
5591,SMS,2026-06-25,Vigente,
5592,AVSEC,2026-07-04,Vigente,
5592,SAT,2026-05-26,Vigente,
5592,SMS,2026-06-25,Vigente,
5594,AVSEC,,Vencido,2025-09-11
5594,SAT,2026-05-26,Vigente,
5594,SMS,,Vencido,
5595,AVSEC,,Vencido,2025-09-11
5595,SAT,2026-05-26,Vigente,
5595,SMS,,Vencido,
6001,AVSEC,2026-11-01,Vigente,
6001,SAT,2025-10-28,Vigente,
6001,SMS,2025-11-01,Vigente,
6002,AVSEC,2026-11-01,Vigente,
6002,SAT,2025-10-28,Vigente,2025-09-15
6002,SMS,,Vencido,
6004,AVSEC,2026-04-16,Vigente,
6004,SAT,2026-10-28,Vigente,
6004,SMS,,Vencido,
6005,AVSEC,,Vencido,
6005,SAT,,Vencido,
6005,SMS,,Vencido,
6006,AVSEC,,Vencido,
6006,SAT,,Vencido,
6006,SMS,,Vencido,
6007,AVSEC,,Vencido,
6007,SAT,,Vencido,
6007,SMS,,Vencido,
6008,AVSEC,,Vencido,
6008,SAT,,Vencido,
6008,SMS,,Vencido,
6009,AVSEC,,Vencido,
6009,SAT,,Vencido,
6009,SMS,,Vencido,
6010,AVSEC,,Vencido,
6010,SAT,,Vencido,
6010,SMS,,Vencido,
6020,AVSEC,2026-08-19,Vigente,
6020,SAT,,Vencido,
6020,SMS,,Vencido,
6021,AVSEC,2026-07-16,Vigente,
6021,SAT,2026-06-02,Vigente,
6021,SMS,,Vencido,
6022,AVSEC,2026-08-27,Vigente,
6022,SAT,2026-06-02,Vigente,
6022,SMS,,Vencido,
6024,SAT,2026-06-02,Vigente,
6024,SMS,,Vencido,
6028,AVSEC,2026-07-04,Vigente,
6028,SAT,2026-06-02,Vigente,
6028,SMS,2026-06-25,Vigente,
6029,SAT,2026-06-02,Vigente,
6029,SMS,2026-06-25,Vigente,
6030,AVSEC,2026-07-04,Vigente,
6030,SAT,2026-06-02,Vigente,
6030,SMS,2026-06-25,Vigente,
6031,AVSEC,,Vencido,2025-09-04
6031,SAT,2026-06-09,Vigente,
6031,SMS,,Vencido,
6032,AVSEC,,Vencido,
6032,SAT,2026-06-09,Vigente,
6032,SMS,,Vencido,
6033,AVSEC,,Vencido,
6033,SAT,2026-06-09,Vigente,
6033,SMS,2026-09-04,Vigente,
6034,AVSEC,,Vencido,2025-09-04
6034,SAT,2026-06-09,Vigente,
6034,SMS,,Vencido,
6035,AVSEC,2026-07-31,Vigente,
6035,SAT,2026-06-09,Vigente,
6035,SMS,2026-09-04,Vigente,
6036,AVSEC,2026-07-31,Vigente,
6036,SAT,2026-06-09,Vigente,
6036,SMS,,Vencido,
6038,AVSEC,2026-07-18,Vigente,
6038,SAT,2026-06-09,Vigente,
6038,SMS,,Vencido,
6039,AVSEC,2026-07-29,Vigente,
6039,SAT,2026-06-09,Vigente,
6039,SMS,,Vencido,
6041,AVSEC,2026-07-29,Vigente,
6041,SAT,2026-06-09,Vigente,
6041,SMS,,Vencido,
6042,AVSEC,2026-06-27,Vigente,
6042,SAT,2026-06-16,Vigente,
6042,SMS,2026-06-27,Vigente,
6043,AVSEC,2026-09-04,Vigente,2025-09-04
6043,SAT,2026-06-16,Vigente,
6043,SMS,2026-06-27,Vigente,
6044,AVSEC,2026-07-18,Vigente,
6044,SAT,2026-06-16,Vigente,
6044,SMS,,Vencido,
6045,AVSEC,2026-09-04,Vigente,2025-09-04
6045,SAT,2026-06-16,Vigente,
6045,SMS,2026-06-27,Vigente,
6046,AVSEC,,Vencido,
6046,SAT,2026-06-16,Vigente,
6046,SMS,2026-06-27,Vigente,
6047,AVSEC,2026-07-18,Vigente,
6047,SAT,2026-06-16,Vigente,
6047,SMS,,Vencido,
6050,AVSEC,2026-07-02,Vigente,
6050,SAT,2026-06-19,Vigente,
6050,SMS,2026-07-02,Vigente,
6051,AVSEC,2026-07-22,Vigente,
6051,SAT,2026-06-16,Vigente,
6051,SMS,,Vencido,
6052,AVSEC,2026-07-02,Vigente,
6052,SAT,2026-06-19,Vigente,
6052,SMS,2026-07-02,Vigente,
6055,AVSEC,2026-07-22,Vigente,
6055,SAT,2026-06-16,Vigente,
6055,SMS,,Vencido,
6059,AVSEC,,Vencido,
6059,SAT,2026-06-16,Vigente,
6059,SMS,2026-06-27,Vigente,
6060,AVSEC,2026-07-11,Vigente,
6060,SAT,2026-06-26,Vigente,
6060,SMS,2026-07-11,Vigente,
6062,SAT,2026-06-25,Vigente,
6062,SMS,2026-09-04,Vigente,
6063,AVSEC,,Vencido,2025-09-04
6063,SAT,2026-06-25,Vigente,
6063,SMS,,Vencido,
6065,AVSEC,2026-07-10,Vigente,
6065,SAT,2026-06-25,Vigente,
6065,SMS,2026-07-10,Vigente,
6066,AVSEC,2026-07-11,Vigente,
6066,SAT,2026-06-26,Vigente,
6066,SMS,2026-07-11,Vigente,
6067,AVSEC,,Vencido,2025-09-11
6067,SAT,2026-06-26,Vigente,
6067,SMS,,Vencido,
6069,AVSEC,,Vencido,2025-09-11
6069,SAT,2026-06-26,Vigente,
6069,SMS,,Vencido,
6073,AVSEC,2026-07-31,Vigente,
6073,SAT,2026-06-23,Vigente,
6073,SMS,,Vencido,
6074,AVSEC,2026-07-31,Vigente,
6074,SAT,2026-06-30,Vigente,
6074,SMS,,Vencido,
6075,SAT,2026-06-30,Vigente,
6075,SMS,,Vencido,
6079,AVSEC,2026-07-18,Vigente,
6079,SAT,2026-06-30,Vigente,
6079,SMS,,Vencido,
6080,AVSEC,,Vencido,2025-09-04
6080,SAT,2026-06-30,Vigente,
6080,SMS,,Vencido,
6082,AVSEC,2026-07-18,Vigente,
6082,SAT,2026-06-30,Vigente,
6082,SMS,,Vencido,
6083,AVSEC,2026-07-31,Vigente,
6083,SAT,2026-05-30,Vigente,
6083,SMS,,Vencido,
6084,AVSEC,2026-07-18,Vigente,
6084,SAT,,Vencido,
6084,SMS,,Vencido,
6085,AVSEC,2026-07-29,Vigente,
6085,SAT,,Vencido,
6085,SMS,,Vencido,
6086,AVSEC,2026-07-25,Vigente,
6086,SAT,2026-07-07,Vigente,
6086,SMS,,Vencido,
6087,SAT,2026-07-07,Vigente,
6087,SMS,,Vencido,
6088,AVSEC,2026-07-25,Vigente,
6088,SAT,2026-07-07,Vigente,
6088,SMS,,Vencido,
6089,AVSEC,2026-07-25,Vigente,
6089,SAT,2026-07-07,Vigente,
6089,SMS,,Vencido,
6090,AVSEC,2026-07-25,Vigente,
6090,SAT,2026-07-07,Vigente,
6090,SMS,2026-09-04,Vigente,
6091,AVSEC,2026-07-25,Vigente,
6091,SAT,2026-07-07,Vigente,
6091,SMS,,Vencido,
6093,AVSEC,2026-08-12,Vigente,
6093,SAT,2026-07-07,Vigente,
6093,SMS,,Vencido,
6095,AVSEC,2026-08-12,Vigente,
6095,SAT,2026-07-07,Vigente,
6095,SMS,,Vencido,
6097,AVSEC,2026-07-22,Vigente,
6097,SAT,2026-06-09,Vigente,
6097,SMS,,Vencido,
6098,AVSEC,2026-07-22,Vigente,
6098,SAT,2026-07-07,Vigente,
6098,SMS,,Vencido,
6099,AVSEC,2026-07-22,Vigente,
6099,SAT,2026-07-07,Vigente,
6099,SMS,,Vencido,
6100,AVSEC,2026-07-22,Vigente,
6100,SAT,2026-07-07,Vigente,
6100,SMS,,Vencido,
6101,AVSEC,2026-07-22,Vigente,
6101,SAT,2026-07-07,Vigente,
6101,SMS,,Vencido,
6104,AVSEC,2026-07-31,Vigente,
6104,SAT,2026-07-07,Vigente,
6104,SMS,,Vencido,
6105,SAT,2026-07-14,Vigente,
6105,SMS,2026-09-03,Vigente,
6106,AVSEC,,Vencido,
6106,SAT,2026-07-14,Vigente,
6106,SMS,,Vencido,
6107,AVSEC,2026-09-04,Vigente,2025-09-04
6107,SAT,2026-07-14,Vigente,
6107,SMS,,Vencido,
6109,AVSEC,,Vencido,
6109,SAT,2026-07-14,Vigente,
6109,SMS,,Vencido,
6111,AVSEC,,Vencido,2025-09-09
6111,SAT,2026-07-14,Vigente,
6111,SMS,,Vencido,
6112,AVSEC,,Vencido,
6112,SAT,,Vencido,
6112,SMS,,Vencido,
6113,SAT,2026-07-21,Vigente,
6113,SMS,,Vencido,
6115,AVSEC,2026-08-05,Vigente,
6115,SAT,2026-07-21,Vigente,
6115,SMS,,Vencido,
6116,SAT,2026-07-21,Vigente,
6116,SMS,,Vencido,
6117,AVSEC,2026-08-05,Vigente,
6117,SAT,2026-07-21,Vigente,
6117,SMS,,Vencido,
6118,SAT,2026-07-21,Vigente,
6118,SMS,,Vencido,
6119,AVSEC,2026-08-05,Vigente,
6119,SAT,2026-07-21,Vigente,
6119,SMS,,Vencido,
6122,AVSEC,2026-08-22,Vigente,
6122,SAT,2026-07-21,Vigente,
6122,SMS,,Vencido,2025-08-22
6124,AVSEC,2026-08-22,Vigente,
6124,SAT,2026-07-21,Vigente,
6124,SMS,,Vencido,2025-08-22
6127,AVSEC,2026-08-22,Vigente,
6127,SAT,2026-07-21,Vigente,
6127,SMS,,Vencido,2025-08-22
6128,AVSEC,2026-09-03,Vigente,
6128,SAT,2026-07-21,Vigente,
6128,SMS,,Vencido,
6130,AVSEC,2026-08-22,Vigente,
6130,SAT,2026-07-21,Vigente,
6130,SMS,,Vencido,2025-08-22
6132,SAT,2026-07-28,Vigente,
6132,SMS,,Vencido,
6133,AVSEC,2026-08-12,Vigente,
6133,SAT,2026-07-28,Vigente,
6133,SMS,,Vencido,
6134,AVSEC,2026-08-27,Vigente,
6134,SAT,2026-07-28,Vigente,
6134,SMS,,Vencido,
6137,AVSEC,,Vencido,
6137,SAT,2026-07-28,Vigente,
6137,SMS,2026-09-03,Vigente,
6139,AVSEC,2026-08-12,Vigente,
6139,SAT,2026-07-28,Vigente,
6139,SMS,,Vencido,
6140,AVSEC,2026-08-12,Vigente,
6140,SAT,2026-07-28,Vigente,
6140,SMS,2026-09-03,Vigente,
6141,AVSEC,2026-08-12,Vigente,
6141,SAT,2026-07-28,Vigente,
6141,SMS,2026-09-03,Vigente,
6143,SAT,2026-07-28,Vigente,
6143,SMS,2026-09-03,Vigente,
6145,AVSEC,,Vencido,2025-09-11
6145,SAT,2026-08-04,Vigente,
6145,SMS,2026-09-05,Vigente,
6149,AVSEC,2026-08-19,Vigente,
6149,SAT,2026-08-04,Vigente,
6149,SMS,2026-09-05,Vigente,
6151,AVSEC,2026-08-19,Vigente,
6151,SAT,2026-08-04,Vigente,
6151,SMS,,Vencido,
6152,AVSEC,2026-08-19,Vigente,
6152,SAT,2026-08-04,Vigente,
6152,SMS,,Vencido,
6154,AVSEC,,Vencido,2025-09-16
6154,SAT,2026-08-11,Vigente,
6154,SMS,,Vencido,
6155,AVSEC,2026-08-26,Vigente,
6155,SAT,2026-08-11,Vigente,
6155,SMS,2026-08-26,Vigente,
6156,AVSEC,2026-08-26,Vigente,
6156,SAT,2026-08-11,Vigente,
6156,SMS,2026-08-26,Vigente,
6157,AVSEC,2026-08-26,Vigente,
6157,SAT,2026-08-11,Vigente,
6157,SMS,2026-08-26,Vigente,
6158,AVSEC,2026-08-26,Vigente,
6158,SAT,2026-08-11,Vigente,
6158,SMS,2026-08-26,Vigente,
6159,AVSEC,,Vencido,2025-09-16
6159,SAT,2026-08-11,Vigente,
6159,SMS,,Vencido,
6160,AVSEC,2026-08-26,Vigente,
6160,SAT,2026-08-11,Vigente,
6160,SMS,2026-08-26,Vigente,
6161,AVSEC,,Vencido,
6161,SAT,2026-08-11,Vigente,
6161,SMS,,Vencido,
6162,AVSEC,2026-09-03,Vigente,
6162,SAT,2026-08-18,Vigente,
6163,AVSEC,,Vencido,2025-09-03
6164,AVSEC,2026-09-03,Vigente,
6167,AVSEC,2026-09-03,Vigente,
6169,AVSEC,2026-09-03,Vigente,
6170,AVSEC,2026-09-05,Vigente,
6171,AVSEC,2026-09-05,Vigente,
6173,AVSEC,2026-09-05,Vigente,
6174,AVSEC,,Vencido,2025-09-05
6175,AVSEC,,Vencido,2025-09-09
6176,AVSEC,,Vencido,2025-09-09
6177,AVSEC,,Vencido,2025-09-09
6178,AVSEC,,Vencido,2025-09-09
6179,AVSEC,,Vencido,2025-09-09
6181,AVSEC,,Vencido,2025-09-09
6182,AVSEC,,Vencido,2025-09-09
6183,AVSEC,,Vencido,2025-09-09
6184,AVSEC,,Vencido,
